{
    "id": "world",
    "name": "Around the World",
    "color": "green",
    "cards": [
      {
        "hints": [
          "This city is located on the River Thames",
          "It's home to Big Ben and the Houses of Parliament",
          "This city hosted the Olympic Games in 2012"
        ],
        "answer": "London"
      },
      {
        "hints": [
          "This city is known as the 'City of Light'",
          "It's home to the Eiffel Tower",
          "This city is the capital of France"
        ],
        "answer": "Paris"
      },
      {
        "hints": [
          "This city is the most populous in Canada",
          "It's home to the CN Tower",
          "This city is the capital of Ontario province"
        ],
        "answer": "Toronto"
      },
      {
        "hints": [
          "This city is known for its opera house with a distinctive sail-like design",
          "It's the most populous city in Australia",
          "This city hosted the Olympic Games in 2000"
        ],
        "answer": "Sydney"
      },
      {
        "hints": [
          "This city is home to the Forbidden City",
          "It hosted the Summer Olympics in 2008",
          "This city is the capital of the People's Republic of China"
        ],
        "answer": "Beijing"
      },
      {
        "hints": [
          "This city is known for its Golden Gate Bridge",
          "It's famous for its steep hills and cable cars",
          "This city is home to the former prison island of Alcatraz"
        ],
        "answer": "San Francisco"
      },
      {
        "hints": [
          "This city is home to the Colosseum",
          "It's known as the 'Eternal City'",
          "This city is the capital of Italy"
        ],
        "answer": "Rome"
      },
      {
        "hints": [
          "This city is famous for its canals and gondolas",
          "It hosts an annual film festival on the Lido",
          "This Italian city is built on more than 100 small islands"
        ],
        "answer": "Venice"
      },
      {
        "hints": [
          "This city is home to the Taj Mahal",
          "It's located in the Indian state of Uttar Pradesh",
          "This city was once the capital of the Mughal Empire"
        ],
        "answer": "Agra"
      },
      {
        "hints": [
          "This city is known for its famous Christ the Redeemer statue",
          "It hosted the 2016 Summer Olympics",
          "This Brazilian city is famous for its Copacabana and Ipanema beaches"
        ],
        "answer": "Rio de Janeiro"
      },
      {
        "hints": [
          "This city is home to the ancient Acropolis",
          "It's considered the birthplace of democracy",
          "This city is the capital of Greece"
        ],
        "answer": "Athens"
      },
      {
        "hints": [
          "This city is known for its Red Square and St. Basil's Cathedral",
          "It's the largest city in Russia",
          "This city hosted the 1980 Summer Olympics"
        ],
        "answer": "Moscow"
      },
      {
        "hints": [
          "This city is famous for its Oktoberfest celebration",
          "It's the capital of Bavaria",
          "This German city is home to BMW headquarters"
        ],
        "answer": "Munich"
      },
      {
        "hints": [
          "This city is known for its pyramids and Great Sphinx",
          "It's the largest city in Africa",
          "This city is the capital of Egypt"
        ],
        "answer": "Cairo"
      },
      {
        "hints": [
          "This city is home to the Petronas Twin Towers",
          "It's the capital of Malaysia",
          "This city hosted the 1998 Commonwealth Games"
        ],
        "answer": "Kuala Lumpur"
      },
      {
        "hints": [
          "This city is famous for its Marina Bay Sands resort",
          "It's known as the 'Lion City'",
          "This city-state is located at the southern tip of the Malay Peninsula"
        ],
        "answer": "Singapore"
      },
      {
        "hints": [
          "This city is home to the Hermitage Museum",
          "It was formerly known as Leningrad",
          "This Russian city is famous for its 'White Nights' phenomenon"
        ],
        "answer": "St. Petersburg"
      },
      {
        "hints": [
          "This city is known for its famous Copacabana and Ipanema beaches",
          "It hosted the 2016 Summer Olympics",
          "This Brazilian city is famous for its Carnival celebration"
        ],
        "answer": "Rio de Janeiro"
      },
      {
        "hints": [
          "This city is home to the Burj Khalifa, the world's tallest building",
          "It's known for its artificial Palm Islands",
          "This city is the most populous in the United Arab Emirates"
        ],
        "answer": "Dubai"
      },
      {
        "hints": [
          "This city is famous for its canals and bicycles",
          "It's home to the Anne Frank House",
          "This city is the capital of the Netherlands"
        ],
        "answer": "Amsterdam"
      },
      {
        "hints": [
          "This city is known for its famous Hollywood Sign",
          "It's the center of the American film industry",
          "This California city hosts the annual Academy Awards"
        ],
        "answer": "Los Angeles"
      },
      {
        "hints": [
          "This city is home to the Hagia Sophia and the Blue Mosque",
          "It straddles two continents",
          "This Turkish city was formerly known as Constantinople"
        ],
        "answer": "Istanbul"
      },
      {
        "hints": [
          "This city is famous for its Mardi Gras celebration",
          "It's known for its French Quarter and jazz music",
          "This U.S. city is nicknamed the 'Big Easy'"
        ],
        "answer": "New Orleans"
      },
      {
        "hints": [
          "This city is home to the Spanish Steps and the Trevi Fountain",
          "It's known as the 'Eternal City'",
          "This Italian city is the headquarters of the Roman Catholic Church"
        ],
        "answer": "Rome"
      },
      {
        "hints": [
          "This city is known for its famous Red Light District",
          "It's home to numerous canals and bridges",
          "This Dutch city is famous for its bicycles and tulips"
        ],
        "answer": "Amsterdam"
      },
      {
        "hints": [
          "This city is home to Buckingham Palace",
          "It's famous for its red double-decker buses",
          "This city is the capital of the United Kingdom"
        ],
        "answer": "London"
      },
      {
        "hints": [
          "This city is known for its famous Brandenburg Gate",
          "It was divided by a wall from 1961 to 1989",
          "This city is the capital of Germany"
        ],
        "answer": "Berlin"
      },
      {
        "hints": [
          "This city is home to the ancient Incan city of Machu Picchu",
          "It's located high in the Andes mountains",
          "This Peruvian city was the capital of the Inca Empire"
        ],
        "answer": "Cusco"
      },
      {
        "hints": [
          "This city is famous for its cable cars and steep hills",
          "It's home to the Golden Gate Bridge",
          "This California city is known for its fog and Silicon Valley nearby"
        ],
        "answer": "San Francisco"
      },
      {
        "hints": [
          "This city is known for its famous Bondi Beach",
          "It's home to the iconic Sydney Opera House",
          "This Australian city hosted the 2000 Summer Olympics"
        ],
        "answer": "Sydney"
      },
      {
        "hints": [
          "This city is home to the Kremlin and Red Square",
          "It's the largest city in Russia",
          "This city hosted the 1980 Summer Olympics"
        ],
        "answer": "Moscow"
      },
      {
        "hints": [
          "This city is famous for its Carnival celebration",
          "It's known for its Christ the Redeemer statue",
          "This Brazilian city hosted the 2016 Summer Olympics"
        ],
        "answer": "Rio de Janeiro"
      },
      {
        "hints": [
          "This city is home to the Louvre Museum",
          "It's famous for its iconic Eiffel Tower",
          "This city is often called the 'City of Love'"
        ],
        "answer": "Paris"
      },
      {
        "hints": [
          "This city is known for its famous Shibuya Crossing",
          "It's home to the Imperial Palace",
          "This Japanese city hosted the 1964 and 2020 Summer Olympics"
        ],
        "answer": "Tokyo"
      },
      {
        "hints": [
          "This city is famous for its thermal baths",
          "It's divided by the Danube River into Buda and Pest",
          "This city is the capital of Hungary"
        ],
        "answer": "Budapest"
      }
    ]
  }