{
    "id": "socialstudies",
    "name": "Social Studies",
    "cards": [
        {
            "red": {
            "id": "qcc",
            "name": "Quick Court Cases",
            "color": "red"
            }
          },
          {
            "green": {
            "id": "world",
            "name": "Around the World",
            "color": "green"
            }
          },
          {
            "blue": {
            "id": "presidents",
            "name": "Into the Oval Office",
            "color": "blue"
            }
          }
    ]

}